1;1;2021-01-01 08:01:00.231;1234
2;1;2021-02-01 09:12:11.212;1345
3;1;2021-03-01 10:23:23.242;1456
4;1;2021-04-01 11:34:24.325;1567
5;1;2021-05-01 12:45:33.211;1678
6;2;2021-01-01 13:56:22.123;2234
7;2;2021-02-01 14:07:43.234;2456
8;2;2021-03-01 15:28:33.345;2567
9;2;2021-04-01 16:39:23.654;2678
10;2;2021-05-01 17:40:11.632;2789
11;3;2021-01-01 18:51:01.211;3234
12;3;2021-02-01 19:02:21.333;3345
13;3;2021-03-01 08:13:22.224;3567
14;3;2021-04-01 09:24:11.233;3678
15;3;2021-05-01 10:35:29.225;3789
16;4;2021-01-01 11:46:48.275;4234
17;4;2021-02-01 12:57:41.345;4345
18;4;2021-03-01 13:08:23.765;4456
19;4;2021-04-01 14:19:11.223;4567
20;4;2021-05-01 15:20:55.467;4678
21;5;2021-01-01 16:31:33.567;5234
22;5;2021-02-01 17:42:11.532;5346
23;5;2021-03-01 18:53:00.234;5456
24;5;2021-04-01 19:04:24.275;5567
25;5;2021-05-01 08:15:59.754;5678
26;1;2021-06-01 09:26:12.534;1789
27;1;2021-07-01 10:37:23.234;1890
28;1;2021-08-01 11:48:22.754;1901
29;2;2021-06-01 12:59:29.234;2789
30;2;2021-07-01 13:00:15.245;2901
31;3;2021-06-01 14:11:44.232;3789
32;4;2021-05-01 15:22:21.654;4789
33;4;2021-06-01 16:33:55.765;4890
34;4;2021-08-01 17:44:10.534;4901
35;4;2021-09-01 18:55:12.754;4912
